case_name,obj_value,num_defocused_heliostats,solve_time,post_obj
flat_daggett_50_90,49186.723000000035,15,1577.1687927246094,49186.723000000035
