case_name,obj_value,num_defocused_heliostats,solve_time,post_obj
flat_daggett_50_60,52450.092500000006,14,1749.1098306179047,52450.092500000006
